글로벌융합대학	NNG
국어국문학전공	NNG
일어일문학전공	NNG
중어중문학전공	NNG
영어영문학전공	NNG
불어불문학전공	NNG
독어독문학전공	NNG
스페인어전공	NNG
사학전공	NNG
철학전공	NNG
미술사학전공	NNG
경영학전공	NNG
회계학전공	NNG
국제통상학전공	NNG
법학전공	NNG
사회학전공	NNG
문헌정보학전공	NNG
심리학전공	NNG
아동가족학전공	NNG
문화인류학전공	NNG
사회복지학전공	NNG
정치외교학전공	NNG
유아교육전공	NNG
의상디자인전공	NNG
과학기술대학	NNG
컴퓨터공학전공	NNG
IT미디어공학전공	NNG
사이버보안전공	NNG
소프트웨어전공	NNG
바이오공학전공	NNG
수학전공	NNG
정보통계학전공	NNG
화학전공	NNG
식품영양학전공	NNG
생활체육학전공	NNG
약학대학	NNG
아트앤디자인대학	NNG
Art&Design대학	NNG
동양화전공	NNG
서양화전공	NNG
실내디자인전공	NNG
시각디자인전공	NNG
텍스타일디자인전공	NNG
예술대학디자인센터	NNG
예술대학컴퓨터센터	NNG
교무처	NNG
교무과	NNG
학생서비스센터	NNG
국제처	NNG
국제교류과	NNG
글로벌교육원	NNG
유학생지원센터	NNG
입학처	NNG
입학관리과	NNG
산학연구처	NNG
산학연구과	NNG
WISE센터	NNG
학생인재개발처	NNG
학생지원과	NNG
사회봉사과	NNG
학생상담센터	NNG
대학일자리본부	NNG
진로취업지원센터	NNG
현장실습지원센터	NNG
사무처	NNG
총무과	NNG
관재과	NNG
재무과	NNG
시설과	NNG
대학안내	NNG
법인	NNG
미래전략실	NNG
사무국	NNG
행정본부	NNG
기획처	NNG
기획예산과	NNG
평가관리과	NNG
덕성혁신사업단	NNG
대학혁신지원팀	NNG
대외홍보실	NNG
오스카인재개발학부	NNG
중앙실험관리실	NNG
기숙사	NNG
건강증진센터	NNG
휘트니스센터	NNG
신문사	NNG
영자신문부	NNG
근맥	NNG
방송국	NNG
차미리사교양대학	NNG
교학과	NNG
차미리사교양교육연구소	NNG
글로벌커뮤니케이션센터	NNG
차미리사교양대학교수연구실	NNG
교직학부	NNG
일반대학원	NNG
대학원교학부	NNG
특수대학원	NNG
교육대학원교학사	NNG
문화산업대학원교학사	NNG
대학교육혁신원	NNG
혁신학습개발센터	NNG
교수지원팀	NNG
학습지원팀	NNG
원격수업지원팀	NNG
교육혁신성과관리센터	NNG
교과혁신팀	NNG
비교과혁신팀	NNG
IR팀	NNG
캠퍼스타운조성단	NNG
창업지원단	NNG
창업지원센터	NNG
지역협업센터	NNG
글로벌기업가센터	NNG
노동조합	NNG
부속교육기관	NNG
평생교육원	NNG
산학협력단부설연구소	NNG
학생회	NNG
총동창회	NNG
도서관	NNG
박물관	NNG
디지털정보기술원	NNG
덕성도봉영재교육원	NNG
상담실	NNG
인권센터사무실	NNG
학내관리	NNG
투게더	NNG
러닝투게더	NNG
생명존중 교육	NNG
온라인 글쓰기첨삭 프로그램	NNG
장애학생 힐링캠프	NNG
덕성사회봉사단	NNG
사회진출 선배와의 집단멘토링	NNG
덕성 TED 프레젠테이션 경진대회	NNG
블라인드 채용 1:1 온라인 자기소개서 컨설팅	NNG
온라인 찾아가는 해외취업설명회	NNG
한국사능력검정시험	NNG
덕성인이 추천하는 좋은강의 에세이 공모전	NNG
취업성공 직무역량 캠프	NNG
English Speaking Club	NNG
컴퓨터활용능력 1급	NNG
학습 프로젝트 지원	NNG
청년취업역량 프로그램	NNG
취업 길라잡이 특강	NNG
글로벌튜터링	NNG
마음건강 테스트 심심해	NNG
신입생 전공탐구 프로그램	NNG
외부전문가 창업특강	NNG
커리어 플랫폼 프로그램	NNG
창업동아리	NNG
신입생 기초학습 역량진단 온라인 검사	NNG
학습경험나눔 에세이 공모전	NNG
창의아이디어 공모전	NNG
덕성튜터링	NNG
ICAN Membership 프로그램	NNG
덕성 챌린지 프로젝트	NNG
지도교수	NNG
졸업	NNG
조기졸업	NNG
수강신청	NNG
폐강과목	NNG
정정기간	NNG
철회기간	NNG
복수전공	NNG
부전공	NNG
심화전공	NNG
전자출결	NNG
계절학기	NNG
계절학기 개설희망과목	NNG
계절학기 수강신청	NNG
계절학기 폐강과목	NNG
계절학기 개설과목	NNG
전공선택 예비조사	NNG
전공선택	NNG
중간강의평가	NNG
강의평가	NNG
성적 확인	NNG
학위수여식	NNG
윈도우 설치	NNG
윈도우 대여	NNG
한글 대여	NNG
오피스 대여	NNG
랜선	NNG
인터넷	NNG
덕성 와이파이	NNG
와이파이	NNG
등록금	NNG
분할납부	NNG
추가납부	NNG
등록금 분할납부	NNG
등록금 추가납부	NNG
학생회비	NNG
졸업비	NNG
교내 장학금	NNG
교외 장학금	NNG
국가장학금	NNG
학자금 대출	NNG
생활비 대출	NNG
기등록처리	NNG
학위복 대여	NNG
휴학	NNG
복학	NNG
유고결석	NNG
결석	NNG
학점교류	NNG
조기취업자 출석인정	NNG
이러닝	NNG
학문의기초	NNG
출입 가능	NNG
출입 통제	NNG
출입 통제 안내	NNG
도서 예약	NNG
도서 대여	NNG
도서 문의	NNG
오스카라운지	NNG
스터디룸	NNG
열람실	NNG
독서카페	NNG
북트레일러	NNG
해석상담	NNG
집담상담	NNG
단체상담	NNG
개인상담	NNG
개인상담 및 해석상담	NNG
마음챙김	NNG
명상	NNG
마음챙김명상 집단상담	NNG
폭력예방교육	NNG
폭력예방	NNG
폭력상담	NNG
학교폭력	NNG
성폭력	NNG